root_id,label,name,nt_type,flow,super_class,class,sub_class,cell_type,hemibrain_type,hemilineage,nerve,connectivity_tag,side,input_synapses,output_synapses,morphology_cluster,connectivity_cluster
720575940617000768,['Sugar Gustatory Receptor Neuron (GRN); See Engert et al. 2022 and Shiu; Sterne et al.; 2022; https://doi.org/10.7554/eLife.78110 and https://doi.org/10.7554/eLife.79887'; 'gustatory receptor neuron/GRN?'],GNG.1830,ACH,afferent,sensory,gustatory,,[],[],,MxLbN,['feedforward_loop_participant'; 'reciprocal'],left,118,223,MC_243.104,CC_144.132
720575940639332736,['GRN'; 'Sugar Gustatory Receptor Neuron (GRN); See Engert et al. 2022 and Shiu; Sterne et al.; 2022; https://doi.org/10.7554/eLife.78110 and https://doi.org/10.7554/eLife.79887'],GNG.2079,,afferent,sensory,gustatory,,[],[],,MxLbN,['feedforward_loop_participant'; 'reciprocal'],left,116,119,MC_243.104,CC_144.132
720575940613601698,['Sugar Gustatory Receptor Neuron (GRN); See Engert et al. 2022 and Shiu; Sterne et al.; 2022; https://doi.org/10.7554/eLife.78110 and https://doi.org/10.7554/eLife.79887'],GNG.3008,,afferent,sensory,gustatory,,[],[],,MxLbN,['feedforward_loop_participant'],left,0,63,MC_243.104,CC_102.184
720575940621502051,['Sugar Gustatory Receptor Neuron (GRN); See Engert et al. 2022 and Shiu; Sterne et al.; 2022; https://doi.org/10.7554/eLife.78110 and https://doi.org/10.7554/eLife.79887'; 'gustatory receptor neuron/GRN?'],GNG.1908,ACH,afferent,sensory,gustatory,,[],[],,MxLbN,['feedforward_loop_participant'; 'reciprocal'],left,125,165,MC_243.104,CC_144.132
720575940616885538,['labial GRN'; 'Sugar Gustatory Receptor Neuron (GRN); See Engert et al. 2022 and Shiu; Sterne et al.; 2022; https://doi.org/10.7554/eLife.78110 and https://doi.org/10.7554/eLife.79887'; 'gustatory receptor neuron/GRN?'],GNG.1745,ACH,afferent,sensory,gustatory,,[],[],,MxLbN,['3_cycle_participant'; 'feedforward_loop_participant'; 'reciprocal'],left,189,161,MC_243.104,CC_144.132
720575940610788069,['Sugar Gustatory Receptor Neuron (GRN); See Engert et al. 2022 and Shiu; Sterne et al.; 2022; https://doi.org/10.7554/eLife.78110 and https://doi.org/10.7554/eLife.79887'],GNG.2070,ACH,afferent,sensory,gustatory,,[],[],,MxLbN,['feedforward_loop_participant'; 'reciprocal'; 'repeller'],left,32,164,MC_243.104,CC_145.131
720575940637568838,['Sugar Gustatory Receptor Neuron (GRN); See Engert et al. 2022 and Shiu; Sterne et al.; 2022; https://doi.org/10.7554/eLife.78110 and https://doi.org/10.7554/eLife.79887'; 'gustatory receptor neuron/GRN?'],GNG.1992,ACH,afferent,sensory,gustatory,,[],[],,MxLbN,['feedforward_loop_participant'; 'reciprocal'],left,107,145,MC_243.104,CC_144.132
720575940621754367,['labial GRN'; 'Sugar Gustatory Receptor Neuron (GRN); See Engert et al. 2022 and Shiu; Sterne et al.; 2022; https://doi.org/10.7554/eLife.78110 and https://doi.org/10.7554/eLife.79887'],GNG.2329,,afferent,sensory,gustatory,,[],[],,MxLbN,['feedforward_loop_participant'; 'reciprocal'],left,89,96,MC_243.104,CC_169.117
720575940624963786,['Sugar Gustatory Receptor Neuron (GRN); See Engert et al. 2022 and Shiu; Sterne et al.; 2022; https://doi.org/10.7554/eLife.78110 and https://doi.org/10.7554/eLife.79887'],GNG.1690,ACH,afferent,sensory,gustatory,,[],[],,MxLbN,['feedforward_loop_participant'; 'reciprocal'; 'repeller'],left,127,289,MC_243.104,
720575940629176663,['Sugar Gustatory Receptor Neuron (GRN); See Engert et al. 2022 and Shiu; Sterne et al.; 2022; https://doi.org/10.7554/eLife.78110 and https://doi.org/10.7554/eLife.79887'; 'gustatory receptor neuron/GRN?'],GNG.2042,ACH,afferent,sensory,gustatory,,[],[],,MxLbN,['3_cycle_participant'; 'feedforward_loop_participant'; 'reciprocal'],left,135,143,MC_243.104,CC_144.132
720575940630797113,['Sugar Gustatory Receptor Neuron (GRN); See Engert et al. 2022 and Shiu; Sterne et al.; 2022; https://doi.org/10.7554/eLife.78110 and https://doi.org/10.7554/eLife.79887'],GNG.2667,,afferent,sensory,gustatory,,[],[],,MxLbN,['feedforward_loop_participant'; 'reciprocal'],left,41,95,MC_243.104,CC_169.117
720575940640649691,['Sugar Gustatory Receptor Neuron (GRN); See Engert et al. 2022 and Shiu; Sterne et al.; 2022; https://doi.org/10.7554/eLife.78110 and https://doi.org/10.7554/eLife.79887'],GNG.2078,ACH,afferent,sensory,gustatory,,[],[],,MxLbN,['feedforward_loop_participant'; 'reciprocal'],left,105,104,MC_243.104,CC_144.132
720575940630233916,['labial GRN'; 'Sugar Gustatory Receptor Neuron (GRN); See Engert et al. 2022 and Shiu; Sterne et al.; 2022; https://doi.org/10.7554/eLife.78110 and https://doi.org/10.7554/eLife.79887'; 'gustatory receptor neuron/GRN?'],GNG.1734,ACH,afferent,sensory,gustatory,,[],[],,MxLbN,['feedforward_loop_participant'; 'reciprocal'; 'repeller'],left,100,278,MC_957.60,CC_2707.4
720575940620900446,['Sugar Gustatory Receptor Neuron (GRN); See Engert et al. 2022 and Shiu; Sterne et al.; 2022; https://doi.org/10.7554/eLife.78110 and https://doi.org/10.7554/eLife.79887'],GNG.1495,ACH,afferent,sensory,gustatory,,[],[],,MxLbN,['feedforward_loop_participant'; 'reciprocal'; 'rich_club'; 'repeller'],left,212,452,MC_243.104,CC_144.132
720575940632425919,['Sugar Gustatory Receptor Neuron (GRN); See Engert et al. 2022 and Shiu; Sterne et al.; 2022; https://doi.org/10.7554/eLife.78110 and https://doi.org/10.7554/eLife.79887'; 'gustatory receptor neuron/GRN?'],GNG.1551,ACH,afferent,sensory,gustatory,,[],[],,MxLbN,['feedforward_loop_participant'; 'reciprocal'; 'rich_club'],left,258,421,MC_243.104,CC_144.132
720575940638202345,['labial GRN'; 'Sugar Gustatory Receptor Neuron (GRN); See Engert et al.; 2022 https://doi.org/10.7554/eLife.78110'],GNG.1673,ACH,afferent,sensory,gustatory,,[],[],,MxLbN,['3_cycle_participant'; 'feedforward_loop_participant'; 'reciprocal'; 'repeller'],left,133,265,MC_957.60,CC_2707.4
720575940611875570,['Sugar Gustatory Receptor Neuron (GRN); See Engert et al.; 2022 https://doi.org/10.7554/eLife.78110'; 'gustatory receptor neuron/GRN?'],GNG.1836,ACH,afferent,sensory,gustatory,,[],[],,MxLbN,['3_cycle_participant'; 'feedforward_loop_participant'; 'reciprocal'],left,153,254,MC_243.104,CC_144.132
720575940632889389,['Sugar Gustatory Receptor Neuron (GRN); See Engert et al.; 2022 https://doi.org/10.7554/eLife.78110'; 'gustatory receptor neuron/GRN?'],GNG.2300,ACH,afferent,sensory,gustatory,,[],[],,MxLbN,['feedforward_loop_participant'; 'reciprocal'],left,89,95,MC_243.104,CC_169.117
720575940639198653,['Sugar Gustatory Receptor Neuron (GRN); See Engert et al.; 2022 https://doi.org/10.7554/eLife.78110'],GNG.1391,ACH,afferent,sensory,gustatory,,[],[],,MxLbN,['feedforward_loop_participant'; 'reciprocal'; 'rich_club'; 'repeller'],left,252,620,MC_243.104,CC_144.132
720575940633143833,['Possible Sugar Gustatory Receptor Neuron (GRN); See Engert et al. 2022 and Shiu; Sterne et al.; 2022; https://doi.org/10.7554/eLife.78110 and https://doi.org/10.7554/eLife.79887'],GNG.1676,ACH,afferent,sensory,gustatory,,[],[],,MxLbN,['3_cycle_participant'; 'feedforward_loop_participant'; 'reciprocal'],left,154,431,MC_243.104,CC_144.132
720575940612670570,['Possible Sugar Gustatory Receptor Neuron (GRN); See Engert et al. 2022 and Shiu; Sterne et al.; 2022; https://doi.org/10.7554/eLife.78110 and https://doi.org/10.7554/eLife.79887'; 'gustatory receptor neuron/GRN?'],GNG.1664,ACH,afferent,sensory,gustatory,,[],[],,MxLbN,['feedforward_loop_participant'; 'reciprocal'],left,181,342,MC_243.104,CC_223.87
720575940623172843,['Possible Sugar Gustatory Receptor Neuron (GRN); See Engert et al. 2022 and Shiu; Sterne et al.; 2022; https://doi.org/10.7554/eLife.78110 and https://doi.org/10.7554/eLife.79887'],GNG.2835,GLUT,afferent,sensory,gustatory,,[],[],,MxLbN,['feedforward_loop_participant'],left,0,90,MC_243.104,CC_102.184
720575940628853239,['Possible Sugar Gustatory Receptor Neuron (GRN); See Engert et al. 2022 and Shiu; Sterne et al.; 2022; https://doi.org/10.7554/eLife.78110 and https://doi.org/10.7554/eLife.79887'],GNG.1656,ACH,afferent,sensory,gustatory,,[],[],,MxLbN,['feedforward_loop_participant'; 'reciprocal'],left,178,397,MC_243.104,CC_144.132